epoch,stake_range,pool_count,pools_with_blocks,controlled_stake_ada,blocks_produced,operator_rewards_ada,member_rewards_ada,pool_rewards_ada,% of Total Stake,% of Blocks,% of Pool Rewards
547,Inactive,1418,1,38656197.65,1,345.0,13.93,358.93,0.18,0.0,0.0
547,< 3M,754,301,564049379.54,606,92206.54,107375.41,199581.95,2.6,2.81,2.68
547,3M - 10M,225,217,1297434608.32,1294,111192.82,335382.44,446575.26,5.99,6.0,6.0
547,10M - 20M,125,124,1801427782.33,1814,100877.66,528658.5,629536.16,8.32,8.4,8.45
547,20M - 30M,113,113,2743050526.01,2657,260163.56,669032.67,929196.23,12.67,12.31,12.48
547,30M - 40M,92,92,3157115852.09,3118,43350.65,1026211.9,1069562.54,14.58,14.45,14.36
547,40M - 50M,53,53,2353971626.06,2419,72428.93,766584.4,839013.33,10.87,11.21,11.26
547,50M - 60M,42,42,2271181275.36,2311,217546.27,603815.96,821362.24,10.49,10.71,11.03
547,60M - 70M,52,52,3379688207.92,3335,103107.23,999210.3,1102317.53,15.61,15.45,14.8
547,> 70M,56,56,4048927648.07,4028,304305.82,1106308.39,1410614.21,18.7,18.66,18.94
547,--- TOTALS ---,2930,1051,21655503103.34,21583,1305524.48,6142593.9,7448118.38,100.0,100.0,100.0
548,Inactive,1418,0,37634084.93,0,0.0,0.0,0.0,0.17,0.0,0.0
548,< 3M,756,304,571135105.61,553,93403.69,88737.79,182141.47,2.63,2.59,2.47
548,3M - 10M,222,216,1281541649.82,1244,102936.08,326233.15,429169.23,5.9,5.82,5.81
548,10M - 20M,127,127,1811500969.3,1806,117947.7,510210.23,628157.93,8.34,8.46,8.51
548,20M - 30M,112,112,2714728516.52,2668,246390.25,687009.98,933400.22,12.5,12.49,12.64
548,30M - 40M,94,94,3236652874.18,3216,54140.05,1051831.93,1105971.99,14.9,15.06,14.97
548,40M - 50M,49,49,2180484951.26,2183,64577.58,692676.52,757254.1,10.04,10.22,10.25
548,50M - 60M,42,42,2265934949.74,2217,223105.89,565905.04,789010.93,10.43,10.38,10.68
548,60M - 70M,53,53,3433733293.59,3369,100104.24,1001102.04,1101206.28,15.8,15.77,14.91
548,> 70M,58,58,4192736112.68,4103,321844.33,1137399.16,1459243.49,19.3,19.21,19.76
548,--- TOTALS ---,2931,1055,21726082507.64,21359,1324449.81,6061105.85,7385555.65,100.0,100.0,100.0
549,Inactive,1419,0,37493839.34,0,0.0,0.0,0.0,0.17,0.0,0.0
549,< 3M,754,299,571309283.8,522,89113.6,86297.01,175410.61,2.62,2.45,2.39
549,3M - 10M,223,216,1293055620.66,1246,106007.01,322864.4,428871.42,5.94,5.85,5.84
549,10M - 20M,127,127,1831402839.4,1711,109130.51,479541.14,588671.66,8.41,8.04,8.01
549,20M - 30M,109,109,2654926832.03,2535,238826.71,648138.91,886965.62,12.2,11.91,12.07
549,30M - 40M,95,95,3271048301.03,3236,66043.88,1047171.66,1113215.54,15.03,15.2,15.15
549,40M - 50M,50,50,2229372469.08,2315,82492.59,725470.24,807962.83,10.24,10.88,11.0
549,50M - 60M,43,43,2336926509.64,2282,188833.92,617877.31,806711.23,10.74,10.72,10.98
549,60M - 70M,49,49,3190344477.19,3210,106622.71,939808.27,1046430.98,14.66,15.08,14.24
549,> 70M,60,60,4350191009.94,4226,288073.23,1204651.0,1492724.23,19.99,19.86,20.32
549,--- TOTALS ---,2929,1048,21766071182.1,21283,1275144.18,6071819.93,7346964.11,100.0,100.0,100.0
550,Inactive,1419,0,36571262.28,0,0.0,0.0,0.0,0.17,0.0,0.0
550,< 3M,759,302,571371327.37,568,87319.33,104142.14,191461.47,2.62,2.68,2.6
550,3M - 10M,227,220,1317175233.21,1205,109344.4,306813.85,416158.25,6.04,5.68,5.65
550,10M - 20M,125,125,1824474315.61,1806,103446.98,520687.98,624134.95,8.36,8.52,8.48
550,20M - 30M,107,107,2615463650.4,2519,235508.48,645716.68,881225.15,11.99,11.88,11.97
550,30M - 40M,96,96,3314946450.42,3210,57749.31,1048259.28,1106008.58,15.2,15.14,15.02
550,40M - 50M,47,47,2105898498.1,2038,58963.17,651230.94,710194.11,9.65,9.61,9.64
550,50M - 60M,44,44,2372942192.67,2320,206084.21,616329.57,822413.78,10.88,10.94,11.17
550,60M - 70M,45,45,2934548016.52,2870,96448.29,876136.14,972584.42,13.45,13.53,13.21
550,> 70M,65,65,4719100931.87,4673,312375.36,1326951.44,1639326.8,21.63,22.03,22.26
550,--- TOTALS ---,2934,1051,21812491878.44,21209,1267239.51,6096268.01,7363507.52,100.0,100.0,100.0
551,Inactive,1418,0,36583361.67,0,0.0,0.0,0.0,0.17,0.0,0.0
551,< 3M,766,293,572580679.53,546,88588.04,94997.64,183585.68,2.62,2.55,2.5
551,3M - 10M,223,214,1286095323.14,1256,109735.7,324262.3,433997.99,5.89,5.86,5.91
551,10M - 20M,128,128,1852898780.02,1810,107034.12,517367.42,624401.54,8.48,8.45,8.5
551,20M - 30M,108,108,2652651544.75,2580,231009.5,670872.09,901881.59,12.15,12.04,12.28
551,30M - 40M,97,97,3347940130.05,3304,61958.99,1072428.39,1134387.38,15.33,15.42,15.45
551,40M - 50M,39,39,1770955093.48,1827,58932.5,579741.7,638674.21,8.11,8.53,8.7
551,50M - 60M,46,46,2478645535.15,2443,220306.7,641851.01,862157.71,11.35,11.4,11.74
551,60M - 70M,46,46,3012421605.94,2937,97490.52,888970.28,986460.8,13.79,13.71,13.43
551,> 70M,64,64,4828940435.04,4723,298080.66,1279550.97,1577631.62,22.11,22.04,21.48
551,--- TOTALS ---,2935,1035,21839712488.77,21426,1273136.73,6070041.79,7343178.52,100.0,100.0,100.0
552,Inactive,1418,0,36264791.26,0,0.0,0.0,0.0,0.17,0.0,0.0
552,< 3M,765,272,567468237.15,491,76946.54,88578.25,165524.79,2.6,2.3,2.27
552,3M - 10M,224,213,1287775710.56,1197,106864.67,303796.62,410661.28,5.9,5.6,5.62
552,10M - 20M,131,131,1898893956.74,1793,106202.65,515431.84,621634.49,8.7,8.38,8.51
552,20M - 30M,107,107,2639146157.88,2547,245089.62,636397.2,881486.82,12.09,11.91,12.06
552,30M - 40M,95,95,3260248652.61,3195,42460.3,1050279.26,1092739.56,14.93,14.94,14.95
552,40M - 50M,42,42,1915605439.52,1942,66040.32,610451.52,676491.84,8.77,9.08,9.26
552,50M - 60M,45,45,2440533735.37,2453,210553.44,652728.0,863281.45,11.18,11.47,11.81
552,60M - 70M,43,43,2809283716.3,2854,104370.08,892265.13,996635.21,12.87,13.34,13.64
552,> 70M,66,66,4977639895.28,4919,318003.48,1281044.77,1599048.25,22.8,23.0,21.88
552,--- TOTALS ---,2936,1014,21832860292.65,21391,1276531.09,6030972.6,7307503.69,100.0,100.0,100.0
553,Inactive,1418,0,36292538.76,0,0.0,0.0,0.0,0.17,0.0,0.0
553,< 3M,761,289,558682420.73,491,82897.64,80805.62,163703.26,2.57,2.28,2.23
553,3M - 10M,226,217,1292376629.03,1275,105356.28,329988.53,435344.8,5.94,5.92,5.93
553,10M - 20M,133,133,1918091268.9,1932,118253.09,546660.42,664913.51,8.81,8.97,9.05
553,20M - 30M,108,107,2669286115.34,2601,247775.65,656502.76,904278.41,12.26,12.08,12.31
553,30M - 40M,93,93,3188578832.63,3285,44460.18,1076020.5,1120480.68,14.65,15.25,15.25
553,40M - 50M,42,42,1914532506.73,1914,65390.43,598694.13,664084.56,8.79,8.89,9.04
553,50M - 60M,43,43,2330529133.57,2256,183743.91,605451.76,789195.67,10.71,10.48,10.74
553,60M - 70M,49,49,3185084533.98,3123,122012.23,968017.34,1090029.56,14.63,14.5,14.84
553,> 70M,62,62,4676291291.64,4659,323084.14,1190189.35,1513273.49,21.48,21.63,20.6
553,--- TOTALS ---,2935,1035,21769745271.31,21536,1292973.54,6052330.39,7345303.93,100.0,100.0,100.0
554,Inactive,1418,0,36340419.45,0,0.0,0.0,0.0,0.17,0.0,0.0
554,< 3M,754,272,554194702.5,498,77463.44,88454.41,165917.85,2.54,2.31,2.23
554,3M - 10M,225,218,1278875484.43,1253,109607.07,320386.18,429993.25,5.86,5.81,5.79
554,10M - 20M,138,138,1980893186.26,1898,128838.8,523452.44,652291.23,9.08,8.8,8.78
554,20M - 30M,104,104,2568999447.69,2529,262590.01,616543.04,879133.05,11.77,11.72,11.83
554,30M - 40M,94,94,3222502726.08,3175,44886.33,1037203.56,1082089.89,14.77,14.72,14.56
554,40M - 50M,45,45,2028802124.79,2075,69611.14,651587.66,721198.8,9.3,9.62,9.7
554,50M - 60M,46,46,2500928750.31,2528,198537.44,686274.89,884812.33,11.46,11.72,11.91
554,60M - 70M,50,50,3245183551.85,3284,131415.63,1017326.78,1148742.42,14.87,15.22,15.46
554,> 70M,61,61,4408286210.47,4332,313572.2,1154347.91,1467920.11,20.2,20.08,19.75
554,--- TOTALS ---,2935,1028,21825006603.83,21572,1336522.06,6095576.87,7432098.93,100.0,100.0,100.0
555,Inactive,1420,0,36678257.05,0,0.0,0.0,0.0,0.17,0.0,0.0
555,< 3M,753,263,560147295.28,501,77694.94,89619.51,167314.45,2.54,2.36,2.27
555,3M - 10M,225,220,1282874385.14,1311,106598.8,345040.2,451639.0,5.82,6.16,6.12
555,10M - 20M,132,132,1904958992.84,1830,120184.06,516089.85,636273.9,8.64,8.6,8.61
555,20M - 30M,107,107,2649514484.92,2646,269639.49,658955.34,928594.83,12.02,12.44,12.57
555,30M - 40M,97,97,3317993747.85,3212,60353.2,1043314.35,1103667.55,15.05,15.1,14.94
555,40M - 50M,43,43,1939245806.1,1912,31481.12,634658.81,666139.93,8.79,8.99,9.02
555,50M - 60M,46,46,2499545844.91,2374,230745.85,609354.58,840100.43,11.34,11.16,11.37
555,60M - 70M,52,52,3381161928.18,3156,113041.38,995012.57,1108053.95,15.33,14.84,15.0
555,> 70M,62,62,4477311445.51,4331,319075.34,1164846.59,1483921.93,20.31,20.36,20.09
555,--- TOTALS ---,2937,1022,22049432187.78,21273,1328814.19,6056891.79,7385705.98,100.0,100.0,100.0
556,Inactive,1419,0,36527628.01,0,0.0,0.0,0.0,0.17,0.0,0.0
556,< 3M,752,281,561862034.29,517,84141.82,88898.05,173039.87,2.55,2.39,2.32
556,3M - 10M,224,217,1264138935.38,1240,106633.39,320868.38,427501.77,5.73,5.74,5.72
556,10M - 20M,132,132,1904029548.5,1837,130223.55,505835.19,636058.73,8.63,8.5,8.52
556,20M - 30M,107,107,2651258703.58,2619,251922.6,665302.34,917224.93,12.02,12.12,12.28
556,30M - 40M,98,96,3367897843.54,3270,59555.07,1063076.97,1122632.04,15.27,15.14,15.03
556,40M - 50M,42,42,1884484619.92,1904,32321.09,630572.62,662893.71,8.54,8.81,8.88
556,50M - 60M,45,45,2447906095.44,2423,230144.49,623625.06,853769.55,11.1,11.22,11.43
556,60M - 70M,49,49,3178766332.0,3040,89621.22,974702.32,1064323.54,14.41,14.07,14.25
556,> 70M,65,65,4757230350.01,4751,354004.11,1257769.97,1611774.09,21.57,21.99,21.58
556,--- TOTALS ---,2933,1034,22054102090.67,21601,1338567.34,6130650.9,7469218.24,100.0,100.0,100.0
557,Inactive,1419,0,36684695.0,0,0.0,0.0,0.0,0.17,0.0,0.0
557,< 3M,744,259,562160551.21,504,75126.07,93527.63,168653.71,2.55,2.38,2.3
557,3M - 10M,226,216,1272055610.1,1252,107131.95,323819.06,430951.0,5.76,5.9,5.88
557,10M - 20M,132,132,1889687449.49,1836,128593.66,506533.1,635126.76,8.56,8.66,8.67
557,20M - 30M,108,107,2668719631.33,2532,232176.06,653383.64,885559.7,12.09,11.94,12.09
557,30M - 40M,97,96,3319223282.83,3194,54154.33,1040899.58,1095053.9,15.03,15.06,14.95
557,40M - 50M,43,43,1929993521.97,1880,31621.48,621768.1,653389.58,8.74,8.86,8.92
557,50M - 60M,45,45,2456333246.59,2391,231570.36,611335.0,842905.36,11.12,11.27,11.51
557,60M - 70M,49,49,3182064960.8,3054,111801.38,962668.56,1074469.94,14.41,14.4,14.67
557,> 70M,65,65,4764260177.62,4570,326466.58,1213651.29,1540117.87,21.58,21.54,21.02
557,--- TOTALS ---,2928,1012,22081183126.93,21213,1298641.86,6027585.96,7326227.82,100.0,100.0,100.0
558,Inactive,1419,0,36900988.22,0,0.0,0.0,0.0,0.17,0.0,0.0
558,< 3M,745,269,563061288.6,504,81450.96,89076.71,170527.67,2.55,2.35,2.31
558,3M - 10M,224,218,1255497729.69,1220,116206.46,303560.61,419767.06,5.68,5.7,5.68
558,10M - 20M,133,133,1904322165.61,1819,127002.88,501500.05,628502.92,8.62,8.49,8.5
558,20M - 30M,111,110,2755969303.16,2571,237372.9,660313.18,897686.08,12.48,12.01,12.14
558,30M - 40M,92,91,3153369831.61,3047,47860.81,993053.08,1040913.89,14.28,14.23,14.08
558,40M - 50M,44,44,1961181644.39,1879,42194.8,609779.87,651974.67,8.88,8.77,8.82
558,50M - 60M,46,46,2506544237.05,2496,238758.29,637960.44,876718.73,11.35,11.66,11.86
558,60M - 70M,49,49,3182064890.82,3210,101993.9,1025418.63,1127412.53,14.41,14.99,15.25
558,> 70M,65,65,4766280171.85,4668,353551.54,1227118.26,1580669.8,21.58,21.8,21.38
558,--- TOTALS ---,2928,1025,22085192251.0,21414,1346392.54,6047780.82,7394173.35,100.0,100.0,100.0
559,Inactive,1419,0,36035067.6,0,0.0,0.0,0.0,0.16,0.0,0.0
559,< 3M,744,294,556719340.42,523,83280.95,90641.84,173922.79,2.52,2.48,2.39
559,3M - 10M,226,220,1275543303.14,1244,110278.01,317909.41,428187.42,5.78,5.89,5.88
559,10M - 20M,130,129,1864275146.95,1731,124521.37,471251.5,595772.88,8.44,8.2,8.19
559,20M - 30M,111,111,2747034780.76,2575,225063.75,671301.54,896365.29,12.44,12.2,12.32
559,30M - 40M,91,90,3108815215.71,2976,67321.88,949912.63,1017234.51,14.08,14.1,13.98
559,40M - 50M,47,47,2099458986.91,1965,34539.11,644860.77,679399.88,9.51,9.31,9.34
559,50M - 60M,42,42,2280085192.67,2156,217056.27,536711.74,753768.01,10.33,10.22,10.36
559,60M - 70M,52,52,3371796554.94,3385,95930.92,1091600.47,1187531.39,15.27,16.04,16.32
559,> 70M,65,65,4740552284.63,4549,327597.74,1217244.53,1544842.27,21.47,21.56,21.23
559,--- TOTALS ---,2927,1050,22080315873.73,21104,1285590.0,5991434.43,7277024.43,100.0,100.0,100.0
560,Inactive,1419,0,34177808.73,0,0.0,0.0,0.0,0.15,0.0,0.0
560,< 3M,748,292,562044245.4,509,86883.92,82958.76,169842.68,2.54,2.38,2.31
560,3M - 10M,220,215,1237160726.43,1219,102946.93,314119.22,417066.14,5.6,5.71,5.67
560,10M - 20M,133,132,1896083492.66,1808,127920.75,495518.82,623439.56,8.58,8.46,8.47
560,20M - 30M,109,109,2703969148.54,2539,229520.97,652591.42,882112.4,12.24,11.89,11.99
560,30M - 40M,92,92,3146675763.57,3026,75919.77,956269.34,1032189.11,14.25,14.17,14.02
560,40M - 50M,47,47,2103528313.36,2054,35494.28,674249.26,709743.55,9.52,9.62,9.64
560,50M - 60M,42,42,2278440197.52,2241,222745.6,559130.63,781876.23,10.32,10.49,10.62
560,60M - 70M,53,53,3453811638.08,3353,104106.47,1064980.4,1169086.88,15.64,15.7,15.88
560,> 70M,64,64,4670209860.62,4610,356608.51,1217846.47,1574454.97,21.15,21.58,21.39
560,--- TOTALS ---,2927,1046,22086101194.92,21359,1342147.19,6017664.32,7359811.51,100.0,100.0,100.0
561,Inactive,1419,0,34750013.49,0,0.0,0.0,0.0,0.16,0.0,0.0
561,< 3M,746,273,560434480.79,499,78510.66,89970.78,168481.44,2.53,2.32,2.28
561,3M - 10M,218,210,1217592093.54,1184,103699.33,302671.27,406370.6,5.51,5.51,5.5
561,10M - 20M,136,134,1928637915.8,1799,122759.32,496075.06,618834.39,8.72,8.37,8.37
561,20M - 30M,107,107,2664022817.96,2698,240884.4,696227.09,937111.49,12.05,12.56,12.68
561,30M - 40M,89,89,3037634949.06,2967,58812.81,951313.11,1010125.92,13.74,13.81,13.67
561,40M - 50M,49,49,2183907103.87,2175,37688.66,713050.96,750739.62,9.88,10.12,10.16
561,50M - 60M,41,41,2236104572.1,2167,232776.49,522856.98,755633.47,10.11,10.09,10.23
561,60M - 70M,51,51,3304028153.33,3272,91294.38,1048822.55,1140116.93,14.94,15.23,15.43
561,> 70M,68,68,4942295931.03,4726,363518.86,1239101.66,1602620.52,22.35,21.99,21.69
561,--- TOTALS ---,2924,1022,22109408030.98,21487,1329944.9,6060089.47,7390034.37,100.0,100.0,100.0
562,Inactive,1419,0,34549827.1,0,0.0,0.0,0.0,0.16,0.0,0.0
562,< 3M,745,280,558877503.53,529,79912.26,93087.07,172999.33,2.53,2.46,2.35
562,3M - 10M,220,211,1228421546.33,1239,108040.57,315079.15,423119.72,5.57,5.77,5.75
562,10M - 20M,133,133,1887347572.05,1844,127006.21,506656.32,633662.53,8.56,8.58,8.62
562,20M - 30M,109,109,2713500067.82,2592,240494.16,657152.9,897647.06,12.3,12.06,12.21
562,30M - 40M,90,90,3089557552.11,3101,43234.27,1006531.53,1049765.8,14.01,14.43,14.28
562,40M - 50M,47,47,2103203720.35,1989,38965.53,645184.88,684150.41,9.54,9.26,9.3
562,50M - 60M,40,40,2172798518.75,2061,198267.26,517172.95,715440.22,9.85,9.59,9.73
562,60M - 70M,51,51,3303934306.13,3197,123553.64,992250.76,1115804.4,14.98,14.88,15.17
562,> 70M,68,68,4963549591.0,4936,365954.27,1294718.88,1660673.15,22.5,22.97,22.58
562,--- TOTALS ---,2922,1029,22055740205.17,21488,1325428.17,6027834.45,7353262.62,100.0,100.0,100.0
563,Inactive,1419,0,34322397.56,0,0.0,0.0,0.0,0.16,0.0,0.0
563,< 3M,745,290,551073717.39,530,81073.25,90627.04,171700.29,2.51,2.48,2.36
563,3M - 10M,223,216,1257397572.63,1191,103145.65,301524.6,404670.25,5.73,5.58,5.57
563,10M - 20M,132,132,1883932837.68,1823,126172.13,492918.37,619090.51,8.58,8.53,8.52
563,20M - 30M,109,109,2728803825.41,2604,241402.62,653841.0,895243.61,12.43,12.19,12.32
563,30M - 40M,85,85,2919106481.65,2853,41773.25,919380.62,961153.87,13.29,13.36,13.23
563,40M - 50M,47,47,2090393267.17,2037,32013.3,663193.95,695207.25,9.52,9.54,9.57
563,50M - 60M,40,40,2174348941.21,2175,222575.41,529063.76,751639.18,9.9,10.18,10.35
563,60M - 70M,53,53,3446907484.22,3370,118706.69,1048830.94,1167537.64,15.7,15.78,16.07
563,> 70M,67,67,4873007571.21,4778,365092.03,1233692.01,1598784.04,22.19,22.37,22.01
563,--- TOTALS ---,2920,1039,21959294096.13,21361,1331954.34,5933072.29,7265026.63,100.0,100.0,100.0
564,Inactive,1420,0,34615746.54,0,0.0,0.0,0.0,0.16,0.0,0.0
564,< 3M,747,262,554609765.6,489,74851.09,84912.6,159763.7,2.53,2.3,2.21
564,3M - 10M,222,217,1243293760.22,1162,103653.28,289118.26,392771.54,5.67,5.46,5.44
564,10M - 20M,131,131,1853649552.77,1849,116255.79,507834.32,624090.12,8.46,8.68,8.64
564,20M - 30M,111,111,2789037359.95,2648,245163.73,660352.89,905516.63,12.72,12.44,12.53
564,30M - 40M,85,85,2920350074.56,2870,40680.29,921969.55,962649.84,13.32,13.48,13.32
564,40M - 50M,47,47,2091482272.9,2054,33882.53,665900.75,699783.27,9.54,9.65,9.69
564,50M - 60M,40,40,2169033075.85,2130,202033.32,531947.89,733981.21,9.89,10.0,10.16
564,60M - 70M,52,52,3394878489.22,3270,122598.91,1005399.88,1127998.79,15.49,15.36,15.61
564,> 70M,67,67,4871406739.64,4818,391017.93,1227804.48,1618822.41,22.22,22.63,22.4
564,--- TOTALS ---,2922,1012,21922356837.25,21290,1330136.87,5895240.63,7225377.5,100.0,100.0,100.0
565,Inactive,1421,0,34283479.86,0,0.0,0.0,0.0,0.16,0.0,0.0
565,< 3M,748,291,550108362.05,523,85929.16,84701.06,170630.22,2.51,2.44,2.35
565,3M - 10M,228,223,1284871597.92,1195,109751.43,294258.98,404010.41,5.85,5.57,5.56
565,10M - 20M,129,128,1830863628.86,1798,109312.03,499911.43,609223.46,8.34,8.38,8.38
565,20M - 30M,107,107,2695122882.23,2674,266494.62,649184.13,915678.76,12.27,12.46,12.59
565,30M - 40M,87,87,2978890898.25,2832,41632.98,908265.18,949898.16,13.57,13.19,13.06
565,40M - 50M,49,49,2180937513.38,2118,46850.91,675367.45,722218.36,9.93,9.87,9.93
565,50M - 60M,37,37,2000564229.61,1945,175327.78,492667.46,667995.24,9.11,9.06,9.19
565,60M - 70M,49,49,3170052293.98,3220,97020.57,1004226.15,1101246.72,14.44,15.0,15.14
565,> 70M,72,72,5232316924.57,5160,406642.55,1324163.55,1730806.11,23.83,24.04,23.8
565,--- TOTALS ---,2927,1043,21958011810.68,21465,1338962.03,5932745.41,7271707.43,100.0,100.0,100.0
566,Inactive,1421,0,34049486.68,0,0.0,0.0,0.0,0.16,0.0,0.0
566,< 3M,747,276,551622072.01,481,79582.9,77260.3,156843.2,2.52,2.26,2.18
566,3M - 10M,228,223,1281033163.27,1206,113695.12,293311.74,407006.86,5.85,5.66,5.66
566,10M - 20M,133,131,1913652328.74,1857,103991.25,520290.04,624281.28,8.73,8.71,8.68
566,20M - 30M,103,103,2599825033.38,2559,256613.17,616331.28,872944.45,11.87,12.01,12.13
566,30M - 40M,86,86,2941686324.52,2835,40256.8,905166.68,945423.48,13.43,13.3,13.14
566,40M - 50M,46,46,2042778454.46,1994,51042.12,626835.05,677877.17,9.32,9.36,9.42
566,50M - 60M,41,41,2202846184.25,2097,163683.92,553764.42,717448.34,10.05,9.84,9.97
566,60M - 70M,48,48,3109682923.99,3124,96480.87,974043.87,1070524.74,14.19,14.66,14.88
566,> 70M,72,72,5232042324.2,5161,387679.1,1335627.24,1723306.33,23.88,24.21,23.95
566,--- TOTALS ---,2925,1026,21909218295.5,21314,1293025.24,5902630.62,7195655.86,100.0,100.0,100.0
567,Inactive,1421,0,33774309.89,0,0.0,0.0,0.0,0.15,0.0,0.0
567,< 3M,743,286,548153105.73,501,82379.73,82960.57,165340.3,2.5,2.34,2.29
567,3M - 10M,227,223,1274341034.34,1205,111569.16,293743.11,405312.27,5.82,5.62,5.62
567,10M - 20M,133,132,1904626143.48,1806,114594.88,493574.96,608169.84,8.69,8.43,8.43
567,20M - 30M,104,104,2629670651.92,2511,239638.37,608803.26,848441.64,12.0,11.72,11.76
567,30M - 40M,88,88,3014380440.45,2876,49945.71,909999.43,959945.14,13.76,13.42,13.31
567,40M - 50M,44,44,1960950932.16,1939,32269.98,624047.36,656317.34,8.95,9.05,9.1
567,50M - 60M,43,43,2325036316.08,2319,193484.63,598229.42,791714.05,10.61,10.82,10.98
567,60M - 70M,46,46,2979949582.32,2956,89732.03,900533.35,990265.38,13.6,13.79,13.73
567,> 70M,72,72,5240469913.05,5319,436425.75,1350876.78,1787302.53,23.92,24.82,24.78
567,--- TOTALS ---,2921,1038,21911352429.42,21432,1350040.24,5862768.24,7212808.48,100.0,100.0,100.0
568,Inactive,1422,0,34964318.72,0,0.0,0.0,0.0,0.16,0.0,0.0
568,< 3M,741,268,542591368.9,486,74407.81,84552.95,158960.77,2.46,2.26,2.2
568,3M - 10M,227,221,1272574085.75,1222,104913.05,306288.69,411201.74,5.78,5.67,5.69
568,10M - 20M,135,134,1941612775.65,1884,108018.15,523781.1,631799.25,8.82,8.75,8.74
568,20M - 30M,100,99,2532110708.1,2410,230312.65,593041.99,823354.64,11.5,11.19,11.39
568,30M - 40M,89,89,3051085033.41,2914,54132.35,919384.9,973517.25,13.85,13.53,13.47
568,40M - 50M,42,42,1871755986.46,1834,31205.32,590674.06,621879.38,8.5,8.52,8.6
568,50M - 60M,45,45,2432750363.88,2457,181089.02,660516.42,841605.44,11.05,11.41,11.64
568,60M - 70M,50,50,3237391445.83,3278,114118.01,964534.09,1078652.1,14.7,15.22,14.92
568,> 70M,70,70,5106092230.14,5050,396249.34,1290687.95,1686937.29,23.19,23.45,23.34
568,--- TOTALS ---,2921,1018,22022928316.83,21535,1294445.71,5933462.14,7227907.85,100.0,100.0,100.0
569,Inactive,1423,0,34866564.35,0,0.0,0.0,0.0,0.16,0.0,0.0
569,< 3M,738,277,534200923.78,480,78076.92,80224.13,158301.04,2.42,2.24,2.2
569,3M - 10M,229,224,1275269709.53,1148,105831.76,279019.72,384851.48,5.79,5.36,5.36
569,10M - 20M,134,133,1924159284.39,1924,103933.07,541930.47,645863.54,8.73,8.99,8.99
569,20M - 30M,102,102,2585506066.01,2451,246273.02,590857.27,837130.29,11.73,11.45,11.66
569,30M - 40M,87,87,2983209481.56,2996,41672.67,958698.41,1000371.08,13.54,13.99,13.93
569,40M - 50M,43,43,1915034996.11,1849,28581.79,584864.22,613446.01,8.69,8.64,8.54
569,50M - 60M,46,46,2488802946.82,2403,171915.61,629584.29,801499.91,11.29,11.22,11.16
569,60M - 70M,47,47,3048022593.57,3097,151794.64,901088.69,1052883.33,13.83,14.47,14.66
569,> 70M,72,72,5245966320.39,5060,383156.25,1303424.06,1686580.32,23.81,23.64,23.49
569,--- TOTALS ---,2921,1031,22035038886.52,21408,1311235.74,5869691.26,7180926.99,100.0,100.0,100.0
570,Inactive,1425,0,34413794.08,0,0.0,0.0,0.0,0.16,0.0,0.0
570,< 3M,737,261,529574986.62,462,78518.74,73050.63,151569.36,2.4,2.19,2.14
570,3M - 10M,228,222,1257093675.62,1193,100142.28,301410.17,401552.45,5.7,5.66,5.66
570,10M - 20M,135,135,1928466878.44,1755,102753.28,487619.71,590372.99,8.74,8.32,8.32
570,20M - 30M,102,102,2581586614.27,2577,266458.91,613855.31,880314.21,11.7,12.22,12.41
570,30M - 40M,89,89,3050432253.34,2885,47788.06,915556.14,963344.2,13.83,13.68,13.58
570,40M - 50M,43,43,1926215938.26,1841,28295.89,594868.15,623164.04,8.73,8.73,8.79
570,50M - 60M,45,45,2445093779.49,2334,145748.91,649298.65,795047.56,11.09,11.07,11.21
570,60M - 70M,46,46,2978270047.78,2833,127843.09,832820.7,960663.79,13.5,13.43,13.54
570,> 70M,73,73,5325487870.51,5209,403158.18,1323417.71,1726575.89,24.14,24.7,24.34
570,--- TOTALS ---,2923,1016,22056635838.41,21089,1300707.33,5791897.16,7092604.49,100.0,100.0,100.0
571,Inactive,1425,0,34474792.66,0,0.0,0.0,0.0,0.16,0.0,0.0
571,< 3M,739,283,536824694.16,498,79884.52,82876.31,162760.84,2.44,2.33,2.27
571,3M - 10M,226,222,1257576218.76,1216,105447.16,301533.23,406980.39,5.71,5.69,5.67
571,10M - 20M,133,133,1898741073.95,1782,100861.87,496134.72,596996.59,8.62,8.34,8.31
571,20M - 30M,103,103,2608667901.7,2544,266938.54,599301.01,866239.55,11.84,11.91,12.06
571,30M - 40M,90,90,3077556750.11,2974,39807.49,948404.13,988211.61,13.97,13.92,13.76
571,40M - 50M,42,42,1878507137.36,1830,34705.33,584021.09,618726.42,8.53,8.57,8.61
571,50M - 60M,44,44,2393172039.04,2372,162829.57,641643.32,804472.89,10.86,11.1,11.2
571,60M - 70M,50,50,3236492099.28,3105,152786.59,920064.92,1072851.52,14.69,14.53,14.94
571,> 70M,70,70,5106526343.83,5043,376897.27,1288350.37,1665247.65,23.18,23.61,23.18
571,--- TOTALS ---,2922,1037,22028539050.85,21364,1320158.34,5862329.1,7182487.44,100.0,100.0,100.0
572,Inactive,1426,0,34398398.93,0,0.0,0.0,0.0,0.16,0.0,0.0
572,< 3M,737,279,537760608.92,514,80791.39,86646.48,167437.87,2.45,2.38,2.33
572,3M - 10M,227,217,1256936978.26,1299,107226.77,325244.51,432471.28,5.73,6.0,6.03
572,10M - 20M,135,135,1937809599.35,1882,121686.89,505470.2,627157.09,8.84,8.7,8.74
572,20M - 30M,102,102,2571342240.11,2537,242869.5,612690.94,855560.45,11.73,11.73,11.92
572,30M - 40M,91,91,3118729501.62,3107,41939.27,969809.58,1011748.86,14.22,14.36,14.1
572,40M - 50M,40,40,1776847921.5,1751,30270.51,557486.04,587756.55,8.1,8.09,8.19
572,50M - 60M,44,44,2397325842.18,2428,161077.68,615261.64,776339.32,10.93,11.22,10.82
572,60M - 70M,46,46,2978855377.4,2904,128102.75,871396.28,999499.02,13.58,13.42,13.93
572,> 70M,73,73,5318028739.76,5212,411620.11,1306840.69,1718460.8,24.25,24.09,23.95
572,--- TOTALS ---,2921,1027,21928035208.03,21634,1325584.88,5850846.36,7176431.24,100.0,100.0,100.0
573,Inactive,1426,0,35014027.56,0,0.0,0.0,0.0,0.16,0.0,0.0
573,< 3M,737,255,545539819.67,491,75649.3,84154.27,159803.57,2.49,2.32,2.26
573,3M - 10M,227,223,1285235848.18,1210,111330.62,289981.68,401312.3,5.87,5.72,5.67
573,10M - 20M,132,131,1903680770.21,1852,112009.24,503980.77,615990.01,8.7,8.75,8.71
573,20M - 30M,102,102,2575276715.34,2554,247119.56,613836.54,860956.1,11.76,12.07,12.17
573,30M - 40M,91,91,3110365342.23,3052,32230.99,973192.86,1005423.84,14.21,14.43,14.22
573,40M - 50M,42,42,1862252218.65,1827,46973.67,563863.76,610837.43,8.51,8.64,8.64
573,50M - 60M,42,42,2274219017.07,2198,152705.45,586133.0,738838.45,10.39,10.39,10.45
573,60M - 70M,46,46,2967167876.41,2782,118881.94,839711.94,958593.88,13.56,13.15,13.56
573,> 70M,73,73,5330889998.11,5188,450692.2,1269187.74,1719879.94,24.35,24.52,24.32
573,--- TOTALS ---,2918,1005,21889641633.44,21154,1347592.96,5724042.56,7071635.53,100.0,100.0,100.0
574,Inactive,1426,0,34470790.33,0,0.0,0.0,0.0,0.16,0.0,0.0
574,< 3M,739,263,546725304.51,462,76378.38,73605.99,149984.37,2.5,2.16,2.11
574,3M - 10M,227,221,1283854291.28,1244,109919.03,300089.34,410008.37,5.86,5.82,5.76
574,10M - 20M,132,131,1903504239.39,1739,104832.71,473620.93,578453.64,8.69,8.13,8.12
574,20M - 30M,100,100,2530994144.85,2498,221380.87,618950.59,840331.46,11.56,11.68,11.8
574,30M - 40M,91,91,3106487530.78,3121,41424.89,983960.43,1025385.31,14.19,14.6,14.4
574,40M - 50M,44,44,1941664743.32,1996,45904.13,620478.76,666382.89,8.87,9.33,9.36
574,50M - 60M,40,40,2156195993.42,2173,149499.66,580898.83,730398.49,9.85,10.16,10.26
574,60M - 70M,44,44,2837462723.76,2675,99368.79,815932.92,915301.71,12.96,12.51,12.86
574,> 70M,76,76,5557283385.24,5474,455708.29,1348008.66,1803716.95,25.38,25.6,25.33
574,--- TOTALS ---,2919,1010,21898643146.87,21382,1304416.75,5815546.44,7119963.19,100.0,100.0,100.0
575,Inactive,1426,0,34052904.4,0,0.0,0.0,0.0,0.16,0.0,0.0
575,< 3M,743,282,558439844.23,545,81825.45,92052.41,173877.86,2.55,2.56,2.46
575,3M - 10M,224,217,1276816708.65,1276,107561.1,313018.79,420579.89,5.83,6.0,5.95
575,10M - 20M,129,127,1870487995.66,1676,98369.44,457112.21,555481.65,8.54,7.88,7.86
575,20M - 30M,102,102,2574248347.66,2592,240901.37,628751.2,869652.58,11.76,12.18,12.3
575,30M - 40M,91,91,3101075396.67,2951,53845.09,914217.49,968062.58,14.16,13.87,13.69
575,40M - 50M,45,45,1991461535.9,1955,45652.6,604420.57,650073.17,9.1,9.19,9.19
575,50M - 60M,42,42,2275116241.72,2243,148891.98,602854.34,751746.32,10.39,10.54,10.63
575,60M - 70M,40,40,2582579831.86,2499,94183.42,757929.16,852112.58,11.79,11.75,12.05
575,> 70M,77,77,5631273331.41,5538,451643.05,1376710.28,1828353.33,25.72,26.03,25.86
575,--- TOTALS ---,2919,1023,21895552138.16,21275,1322873.49,5747066.45,7069939.94,100.0,100.0,100.0
576,Inactive,1426,0,33845504.63,0,0.0,0.0,0.0,0.15,0.0,0.0
576,< 3M,744,264,555607016.18,506,76412.77,87480.84,163893.61,2.54,2.35,2.29
576,3M - 10M,223,216,1260024291.06,1297,110629.53,316529.24,427158.76,5.76,6.02,5.97
576,10M - 20M,132,131,1906366632.29,1821,112063.38,489551.24,601614.62,8.71,8.45,8.41
576,20M - 30M,102,102,2585208744.18,2557,243486.82,612148.0,855634.82,11.82,11.87,11.96
576,30M - 40M,90,90,3072042882.51,3178,54949.55,985151.78,1040101.33,14.04,14.75,14.53
576,40M - 50M,47,47,2079666125.64,2129,49614.95,659818.18,709433.12,9.51,9.88,9.91
576,50M - 60M,36,36,1951961291.97,1857,142785.49,478752.19,621537.68,8.92,8.62,8.69
576,60M - 70M,44,43,2860714635.25,2722,88752.19,836763.55,925515.74,13.08,12.63,12.93
576,> 70M,76,76,5573697046.6,5478,462554.59,1348564.16,1811118.75,25.47,25.43,25.31
576,--- TOTALS ---,2920,1005,21879134170.3,21545,1341249.26,5814759.18,7156008.44,100.0,100.0,100.0
577,Inactive,1425,0,35593236.37,0,0.0,0.0,0.0,0.16,0.0,0.0
577,< 3M,742,282,554312632.51,506,79298.92,80607.99,159906.91,2.53,2.37,2.26
577,3M - 10M,228,225,1296521041.41,1264,104981.12,308254.87,413235.99,5.92,5.91,5.85
577,10M - 20M,131,129,1906158604.28,1829,100731.15,504221.92,604953.06,8.7,8.56,8.56
577,20M - 30M,100,99,2536642670.21,2424,230713.16,579401.61,810114.77,11.58,11.34,11.46
577,30M - 40M,91,91,3110603713.35,3044,59236.53,934707.52,993944.06,14.21,14.24,14.06
577,40M - 50M,44,44,1948130845.78,2028,30273.3,642347.86,672621.16,8.9,9.49,9.51
577,50M - 60M,36,36,1948514817.92,1848,155221.25,462183.52,617404.78,8.9,8.65,8.73
577,60M - 70M,46,46,2983591010.15,2936,107088.22,890725.56,997813.78,13.63,13.74,14.12
577,> 70M,76,76,5577251549.84,5494,450882.13,1348223.55,1799105.68,25.47,25.71,25.45
577,--- TOTALS ---,2919,1028,21897320121.81,21373,1318425.78,5750674.41,7069100.19,100.0,100.0,100.0
578,Inactive,1428,0,35650079.05,0,0.0,0.0,0.0,0.16,0.0,0.0
578,< 3M,742,286,560286948.73,540,82098.21,89828.55,171926.76,2.56,2.53,2.45
578,3M - 10M,231,226,1320600485.86,1251,110242.61,295084.59,405327.2,6.04,5.87,5.78
578,10M - 20M,124,121,1804631315.73,1738,96143.28,477585.62,573728.9,8.26,8.16,8.18
578,20M - 30M,105,105,2650017036.72,2564,198348.65,653115.76,851464.41,12.12,12.03,12.14
578,30M - 40M,88,87,3021796861.53,2944,70270.63,887722.29,957992.92,13.82,13.82,13.66
578,40M - 50M,45,45,1999599262.22,1946,26148.41,615607.88,641756.29,9.15,9.13,9.15
578,50M - 60M,34,34,1837974967.11,1764,150276.85,435294.88,585571.73,8.41,8.28,8.35
578,60M - 70M,45,45,2903227556.04,2985,118325.73,891438.33,1009764.06,13.28,14.01,14.4
578,> 70M,78,78,5723782710.32,5573,426684.34,1388639.48,1815323.82,26.19,26.16,25.89
578,--- TOTALS ---,2920,1027,21857567223.31,21305,1278538.71,5734317.38,7012856.1,100.0,100.0,100.0
579,Inactive,1431,0,34429044.19,0,0.0,0.0,0.0,0.16,0.0,0.0
579,< 3M,731,271,554321098.2,507,78511.3,83333.91,161845.2,2.53,2.35,2.29
579,3M - 10M,234,227,1345331247.15,1278,102414.68,310840.5,413255.18,6.14,5.93,5.84
579,10M - 20M,120,119,1752970333.6,1646,90890.53,453256.07,544146.6,8.01,7.64,7.69
579,20M - 30M,107,107,2695890701.99,2732,222086.33,683847.02,905933.36,12.31,12.68,12.8
579,30M - 40M,87,86,2979852209.73,2904,57825.25,890084.16,947909.42,13.61,13.47,13.39
579,40M - 50M,43,43,1918221863.58,1894,30541.27,594868.65,625409.92,8.76,8.79,8.83
579,50M - 60M,38,38,2063947110.1,2023,171063.24,502674.02,673737.26,9.43,9.39,9.52
579,60M - 70M,43,43,2786754718.0,2764,129410.73,804317.72,933728.45,12.73,12.82,13.19
579,> 70M,78,78,5766673380.39,5806,465296.02,1408677.89,1873973.91,26.33,26.94,26.47
579,--- TOTALS ---,2912,1012,21898391706.92,21554,1348039.36,5731899.94,7079939.3,100.0,100.0,100.0
580,Inactive,1434,0,34347576.49,0,0.0,0.0,0.0,0.16,0.0,0.0
580,< 3M,731,276,552146903.0,492,79358.75,76531.28,155890.03,2.52,2.3,2.23
580,3M - 10M,232,223,1326493590.63,1335,118492.63,312732.13,431224.76,6.06,6.25,6.16
580,10M - 20M,122,121,1766523380.69,1731,90004.94,480596.42,570601.36,8.07,8.11,8.16
580,20M - 30M,106,106,2664013572.31,2534,210568.84,625528.44,836097.28,12.17,11.87,11.95
580,30M - 40M,89,88,3045817732.18,2903,60638.85,886158.86,946797.7,13.92,13.6,13.53
580,40M - 50M,42,42,1876514298.84,1885,33484.01,587111.59,620595.6,8.57,8.83,8.87
580,50M - 60M,38,38,2057647138.72,2021,175716.24,495390.89,671107.13,9.4,9.47,9.59
580,60M - 70M,45,45,2929301658.35,2865,117922.75,848351.86,966274.61,13.38,13.42,13.81
580,> 70M,76,76,5634344717.67,5582,458920.32,1338544.63,1797464.95,25.74,26.15,25.69
580,--- TOTALS ---,2915,1015,21887150568.89,21348,1345107.33,5650946.09,6996053.42,100.0,100.0,100.0
581,Inactive,1436,0,33676431.46,0,0.0,0.0,0.0,0.15,0.0,0.0
581,< 3M,731,265,556010937.43,482,75001.38,78768.5,153769.88,2.54,2.26,2.21
581,3M - 10M,231,225,1311671641.27,1175,105288.84,270822.36,376111.2,5.99,5.51,5.39
581,10M - 20M,124,121,1785429228.03,1628,92674.95,442035.21,534710.16,8.16,7.63,7.67
581,20M - 30M,107,107,2698369303.26,2768,235859.94,678686.06,914546.0,12.33,12.98,13.11
581,30M - 40M,87,86,2972845659.93,2999,50320.47,924796.85,975117.32,13.58,14.06,13.98
581,40M - 50M,42,42,1875913911.11,1842,33031.93,572703.04,605734.97,8.57,8.64,8.69
581,50M - 60M,38,38,2051504347.2,1979,163897.99,491162.6,655060.58,9.37,9.28,9.39
581,60M - 70M,44,44,2866965859.41,2771,113342.51,819634.45,932976.97,13.1,12.99,13.38
581,> 70M,77,77,5734718485.98,5680,460870.21,1364432.44,1825302.65,26.2,26.64,26.18
581,--- TOTALS ---,2917,1005,21887105805.09,21324,1330288.23,5643041.5,6973329.73,100.0,100.0,100.0
582,Inactive,1437,0,33637454.45,0,0.0,0.0,0.0,0.15,0.0,0.0
582,< 3M,687,281,555735895.43,521,85244.04,81126.02,166370.05,2.53,2.47,2.41
582,3M - 10M,229,224,1303889465.28,1284,106812.15,308702.49,415514.64,5.94,6.08,6.02
582,10M - 20M,128,123,1853452017.33,1750,97805.05,472233.3,570038.35,8.45,8.28,8.25
582,20M - 30M,106,105,2670828855.27,2629,214262.78,653481.34,867744.12,12.18,12.45,12.56
582,30M - 40M,86,85,2937582678.86,2980,55024.0,916172.52,971196.51,13.39,14.11,14.06
582,40M - 50M,42,42,1893117879.76,1738,32573.26,535729.46,568302.72,8.63,8.23,8.23
582,50M - 60M,39,39,2114036240.82,2070,159927.99,524508.92,684436.91,9.64,9.8,9.91
582,60M - 70M,43,43,2802882978.09,2660,115168.32,784420.73,899589.06,12.78,12.59,13.03
582,> 70M,77,77,5767813508.41,5492,438898.62,1324506.05,1763404.68,26.3,26.0,25.53
582,--- TOTALS ---,2874,1019,21932976973.7,21124,1305716.22,5600880.83,6906597.04,100.0,100.0,100.0
583,Inactive,1437,0,33606627.29,0,0.0,0.0,0.0,0.15,0.0,0.0
583,< 3M,683,274,552895228.77,529,79752.64,86280.71,166033.35,2.53,2.51,2.42
583,3M - 10M,230,227,1307725727.81,1289,106383.62,303964.63,410348.25,5.99,6.11,5.99
583,10M - 20M,131,127,1891890665.95,1784,96347.13,484549.58,580896.72,8.67,8.46,8.48
583,20M - 30M,102,102,2565371085.41,2551,222323.89,616764.75,839088.64,11.76,12.1,12.25
583,30M - 40M,89,88,3038515124.6,3014,76266.45,898476.39,974742.84,13.92,14.3,14.23
583,40M - 50M,41,41,1848293021.61,1650,27752.24,508114.51,535866.75,8.47,7.83,7.82
583,50M - 60M,38,38,2060257099.09,2036,162664.92,507540.13,670205.05,9.44,9.66,9.78
583,60M - 70M,43,43,2793480411.72,2638,95345.78,790510.31,885856.09,12.8,12.51,12.93
583,> 70M,77,77,5730434482.28,5589,448288.49,1339817.73,1788106.22,26.26,26.51,26.1
583,--- TOTALS ---,2871,1017,21822469474.54,21080,1315125.17,5536018.75,6851143.92,100.0,100.0,100.0
